{
  "openapi": "3.0.1",
  "info": {
    "title": "Módulo predeterminado",
    "description": "",
    "version": "1.0.0"
  },
  "tags": [],
  "paths": {
    "/libros": {
      "post": {
        "summary": "Deber 11 - POST",
        "deprecated": false,
        "description": "",
        "tags": [],
        "parameters": [
          {
            "name": "autor",
            "in": "query",
            "description": "",
            "required": false,
            "example": "...",
            "schema": {
              "type": "string"
            }
          },
          {
            "name": "anio",
            "in": "query",
            "description": "",
            "required": false,
            "example": "... o\tDevuelve los libros filtrados por autor y opcionalmente por año de publicación usando @RequestParam. o\tSi no se envía el parámetro anio, se filtra solo por autor. 4.\tPOST /libros •\tPermite registrar un nuevo libro usando @RequestBody. •\tLa respuesta debe ser un ResponseEntity con código 201 CREATED y el libro recién creado en el cuerpo.",
            "schema": {
              "type": "string"
            }
          },
          {
            "name": "Content-Type",
            "in": "header",
            "description": "",
            "required": false,
            "example": "application/json",
            "schema": {
              "type": "string"
            }
          }
        ],
        "requestBody": {
          "content": {
            "application/json": {
              "schema": {
                "type": "object",
                "properties": {}
              },
              "example": {
                "id": 1,
                "isbn": "978123456",
                "titulo": "Spring Boot Básico",
                "autor": "Anthony",
                "anioPublicacion": 2025,
                "disponible": true
              }
            }
          },
          "required": true
        },
        "responses": {
          "200": {
            "description": "",
            "content": {
              "application/json": {
                "schema": {
                  "type": "object",
                  "properties": {}
                },
                "example": {
                  "id": 1,
                  "isbn": "978123456",
                  "titulo": "Spring Boot Básico",
                  "autor": "Anthony",
                  "anioPublicacion": 2025,
                  "disponible": true
                }
              }
            }
          }
        },
        "security": []
      }
    },
    "/libros/1": {
      "get": {
        "summary": "Deber 11 - Get/id",
        "deprecated": false,
        "description": "",
        "tags": [],
        "parameters": [],
        "responses": {
          "200": {
            "description": "",
            "content": {
              "application/json": {
                "schema": {
                  "type": "object",
                  "properties": {}
                },
                "example": {
                  "id": 1,
                  "isbn": "978123456",
                  "titulo": "Spring Boot Básico",
                  "autor": "Anthony",
                  "anioPublicacion": 2025,
                  "disponible": true
                }
              }
            }
          }
        },
        "security": []
      }
    },
    "/libros/buscar": {
      "get": {
        "summary": "Deber 11 - Get/Buscar",
        "deprecated": false,
        "description": "",
        "tags": [],
        "parameters": [
          {
            "name": "autor",
            "in": "query",
            "description": "",
            "required": false,
            "example": "Anthony",
            "schema": {
              "type": "string"
            }
          }
        ],
        "responses": {
          "200": {
            "description": "",
            "content": {
              "application/json": {
                "schema": {
                  "type": "object",
                  "properties": {}
                },
                "example": [
                  {
                    "id": 1,
                    "isbn": "978123456",
                    "titulo": "Spring Boot Básico",
                    "autor": "Anthony",
                    "anioPublicacion": 2025,
                    "disponible": true
                  }
                ]
              }
            },
            "headers": {}
          }
        },
        "security": []
      }
    }
  },
  "components": {
    "schemas": {},
    "responses": {},
    "securitySchemes": {}
  },
  "servers": [],
  "security": []
}